Date,Australia,Brazil,Canada,China,France,Germany,Hong Kong,India,Israel,Italy,Japan,Korea,Mexico,Netherlands,Poland,Russia,Singapore,South Africa,Spain,Sweden,Switzerland,Taiwan,Turkey,United Kingdom,USA
31/12/1981,12.39,0,10.71,0,0,9.63,31.22,0,0,0,22.95,0,0,6.87,0,0,33.7,0,0,11.14,9.2,0,0,8.84,9.35
29/01/1982,11.14,0,9.7,0,0,9.76,31.91,0,0,0,23.25,0,0,6.8,0,0,33.2,0,0,11.09,9.06,0,0,9.28,9.2
26/02/1982,10.01,0,9.08,0,0,9.85,27.17,0,0,0,22.32,0,0,6.3,0,0,30.33,0,0,10.78,8.8,0,0,8.77,8.72
31/03/1982,9.5,0,8.52,0,0,10.13,24.11,0,0,0,21.24,0,0,6.72,0,0,28.73,0,0,9.97,8.79,0,0,8.92,8.53
30/04/1982,10.57,0,8.28,0,0,10.12,25.61,0,0,0,22.06,0,0,7.05,0,0,29.84,0,0,9.44,8.86,0,0,9.02,8.89
31/05/1982,10.4,0,8.25,0,0,9.55,27.51,0,0,0,22.1,0,0,6.9,0,0,29.59,0,0,10.08,8.81,0,0,9.26,8.61
30/06/1982,9.62,0,7.36,0,0,9.18,24.66,0,0,0,21.64,0,0,6.45,0,0,27.61,0,0,9.62,8.53,0,0,8.88,8.4
30/07/1982,9.59,0,7.48,0,0,9.19,22.79,0,0,0,20.73,0,0,6.49,0,0,25.04,0,0,10.73,8.54,0,0,9.01,8.06
31/08/1982,10.06,0,8.73,0,0,9.05,20.18,0,0,0,21.29,0,0,6.62,0,0,23.88,0,0,10.68,8.74,0,0,9.28,8.97
30/09/1982,10.39,0,8.58,0,0,9.59,17.25,0,0,0,20.83,0,0,6.47,0,0,24.43,0,0,11.53,8.76,0,0,9.81,9.07
29/10/1982,10.35,0,9.49,0,0,9.62,14.78,0,0,0,21.59,0,0,6.98,0,0,26.41,0,0,13.01,9.49,0,0,10.12,10.1
30/11/1982,9.8,0,9.79,0,0,9.82,12.91,0,0,0,23.08,0,0,6.82,0,0,26.45,0,0,15.23,9.84,0,0,10.12,10.36
31/12/1982,9.72,0,10.6,0,0,10.51,14.33,0,0,0,23.9,0,0,7.56,0,0,26.8,0,0,15.89,10.31,0,0,10.26,10.6
31/01/1983,10.73,0,10.86,0,0,10.35,16.23,0,0,0,23.28,0,0,7.7,0,0,28.38,0,0,18.29,10.59,0,0,10.72,11.06
28/02/1983,9.95,0,11.24,0,0,11.06,18.6,0,0,0,23.44,0,0,7.82,0,0,30.27,0,0,21.08,10.75,0,0,10.76,11.26
31/03/1983,10.37,0,11.62,0,0,12.49,17.66,0,0,0,24.72,0,0,8.89,0,0,30.1,0,0,20.42,10.64,0,0,10.91,11.6
29/04/1983,11.99,0,12.68,0,0,13.3,16.65,0,0,0,25.16,0,0,9.32,0,0,32.65,0,0,23.25,11.19,0,0,11.85,12.48
31/05/1983,12.46,0,13.11,0,0,12.1,14.88,0,0,0,25.65,0,0,9.13,0,0,31.98,0,0,23.59,11.01,0,0,11.84,12.22
30/06/1983,12.04,0,13.49,0,0,12.66,15.96,0,0,0,26.21,0,0,10.02,0,0,33.29,0,0,21.34,11.51,0,0,12.45,12.68
29/07/1983,13.45,0,13.32,0,0,13.08,17.48,0,0,0,26.52,0,0,10.26,0,0,31.84,0,0,24.31,11.96,0,0,11.88,12.13
31/08/1983,13.91,0,13.5,0,0,12.23,15.75,0,0,0,26.85,0,0,10.3,0,0,32.47,0,0,25.16,11.71,0,0,11.96,12.27
30/09/1983,14.15,0,13.62,0,0,12.57,12.41,0,0,0,27.58,0,0,9.92,0,0,31.69,0,0,23.17,11.71,0,0,11.86,12.43
31/10/1983,13.69,0,12.91,0,0,13.7,14.03,0,0,0,27.25,0,0,9.47,0,0,30.75,0,0,22.09,12.39,0,0,11.63,12.24
30/11/1983,14.65,0,14.11,0,0,14.01,12.98,0,0,0,27.27,0,0,9.92,0,0,30.7,0,0,23.4,12.9,0,0,12.24,12.41
30/12/1983,14.96,0,14.08,0,0,14.19,13.36,0,0,0,29.15,0,0,10.71,0,0,32.95,0,0,22.31,13.67,0,0,12.43,12.34
31/01/1984,14.5,0,13.28,0,0,14.61,17.13,0,0,0,30.78,0,0,12.16,0,0,33.73,0,0,24.15,13.59,0,0,13.29,12.12
29/02/1984,13.65,0,13.14,0,0,13.91,16.14,0,0,0,30.29,0,0,11.29,0,0,32.04,0,0,22.12,12.76,0,0,12.95,11.49
30/03/1984,14.01,0,13.06,0,0,13.92,15.53,0,0,0,34.2,0,0,10.94,0,0,29.4,0,0,22.05,12.6,0,0,13.6,11.64
30/04/1984,14.6,0,12.95,0,0,13.94,14.86,0,0,0,33.96,0,0,10.96,0,0,29.07,0,0,20.5,13.11,0,0,13.86,11.63
31/05/1984,12.37,0,12.52,0,0,12.89,13.25,0,0,0,30.61,0,0,10.45,0,0,27.37,0,0,18.64,12.73,0,0,12.56,10.93
29/06/1984,12.49,0,12.62,0,0,13.16,13.08,0,0,0,31.21,0,0,10.66,0,0,26.02,0,0,18.72,12.95,0,0,12.85,11.18
31/07/1984,13.07,0,11.99,0,0,12.3,11.42,0,0,0,29.6,0,0,10,0,0,26.78,0,0,19.95,12.86,0,0,12.25,10.9
31/08/1984,14.06,0,13.74,0,0,13.05,13.38,0,0,0,31.64,0,0,11.34,0,0,26.65,0,0,19.61,13.51,0,0,13.5,12.03
28/09/1984,14,0,13.8,0,0,14.05,14.32,0,0,0,31.95,0,0,11.89,0,0,25.41,0,0,18.01,13.62,0,0,13.84,12.04
31/10/1984,14.2,0,13.57,0,0,14.51,14.53,0,0,0,33.44,0,0,11.75,0,0,24.04,0,0,17.48,13.8,0,0,14.05,12.03
30/11/1984,13.84,0,13.61,0,0,14.6,15.69,0,0,0,33.53,0,0,11.47,0,0,23.06,0,0,16.21,13.75,0,0,14.38,11.81
31/12/1984,13.29,0,13.79,0,0,14.8,16.63,0,0,0,35.03,0,0,11.68,0,0,23.35,0,0,16.05,13.99,0,0,15.08,12.06
31/01/1985,14.36,0,14.62,0,0,15.43,19.08,0,0,0,34.9,0,0,12.67,0,0,24.2,0,0,17.33,14.92,0,0,15.81,12.93
28/02/1985,14.53,0,14.54,0,0,15.61,19.01,0,0,0,36.2,0,0,13.17,0,0,24.12,0,0,16.28,14.1,0,0,15.39,13.02
29/03/1985,14.97,0,14.52,0,0,15.72,19.01,0,0,0,37.27,0,0,12.43,0,0,22.85,0,0,15.13,13.66,0,0,15.19,12.95
30/04/1985,16.21,0,14.68,0,0,16.3,19.65,0,0,0,35.95,0,0,12.84,0,0,21.96,0,0,15.3,14.15,0,0,15.17,12.77
31/05/1985,15.99,0,15.22,0,0,16.99,20.6,0,0,0,37.04,0,0,12.26,0,0,22.85,0,0,14.68,14.72,0,0,15.23,13.52
28/06/1985,15.6,0,15.02,0,0,18.06,20.49,0,0,0,38.02,0,0,12.31,0,0,21.91,0,0,14.17,15.81,0,0,14.21,13.75
31/07/1985,16.75,0,15.13,0,0,17.06,21.47,0,0,0,35.5,0,0,12.3,0,0,21.29,0,0,14.98,16.16,0,0,14.32,13.41
30/08/1985,16.54,0,15.4,0,0,18.69,21.11,0,0,0,36.17,0,0,12.21,0,0,20.26,0,0,15.07,17.07,0,0,15.4,13.27
30/09/1985,17.22,0,14.49,0,0,20.09,19.1,0,0,0,35.96,0,0,11.55,0,0,21.24,0,0,14.91,16.22,0,0,14.71,12.82
31/10/1985,17.64,0,14.69,0,0,22.49,20.85,0,0,0,36.43,0,0,11.84,0,0,21.26,0,0,15.69,18.08,0,0,15.85,13.34
29/11/1985,16.6,0,15.73,0,0,21.97,21.45,0,0,0,34.9,0,0,12.28,0,0,19.28,0,0,17.28,19.49,0,0,16.45,14.18
31/12/1985,16.75,0,15.98,0,0,24.57,21.86,0,0,0,36.5,0,0,12.58,0,0,17.14,0,0,18.43,21.28,0,0,16.21,14.82
31/01/1986,17.92,0,15.11,0,0,24.77,21.38,0,0,0,35.54,0,0,12.18,0,0,16.95,0,0,18.35,20.18,0,0,16.45,14.68
28/02/1986,16.91,0,15.23,0,0,24.08,21.35,0,0,0,36.74,0,0,11.85,0,0,17.41,0,0,18.87,18.67,0,0,17.64,15.68
31/03/1986,17.83,0,16.01,0,0,25.85,20.47,0,0,0,43.99,0,0,12.68,0,0,15.72,0,0,20.75,19.69,0,0,18.52,16.55
30/04/1986,19.02,0,16.21,0,0,27.24,21.91,0,0,0,43.02,0,0,12.53,0,0,14.99,0,0,22.08,19.72,0,0,18.38,16.34
30/05/1986,19.48,0,16.45,0,0,23.46,21.37,0,0,0,44.31,0,0,13.15,0,0,17.17,0,0,22.96,19.62,0,0,17.76,17.19
30/06/1986,18.2,0,16.34,0,0,23.09,20.49,0,0,0,45.82,0,0,13.06,0,0,19.93,0,0,23.41,19.53,0,0,18.23,17.43
31/07/1986,17.19,0,15.23,0,0,21.51,21.71,0,0,0,48.45,0,0,12.46,0,0,19.87,0,0,23.95,18.06,0,0,16.85,16.23
29/08/1986,17.82,0,16.13,0,0,24.78,22.04,0,0,0,53.05,0,0,13.58,0,0,22.24,0,0,24.67,20.04,0,0,17.95,17.41
30/09/1986,18.41,0,15.91,0,0,23.38,23.6,0,0,0,53.65,0,0,13,0,0,21.95,0,0,23.68,19.17,0,0,16.81,15.92
31/10/1986,19.94,0,16.31,0,0,23.62,26.39,0,0,0,49.59,0,0,12.85,0,0,27.23,0,0,25.07,20.17,0,0,17.52,16.71
28/11/1986,19.6,0,16.29,0,0,24.8,26.84,0,0,0,51.98,0,0,13.14,0,0,25.07,0,0,23.62,20.89,0,0,17.57,17.02
31/12/1986,20.78,0,16.52,0,0,24.14,28.2,0,0,0,54.68,0,0,13.04,0,0,25.95,0,0,23.5,20.97,0,0,17.93,16.55
30/01/1987,20.85,0,17.85,0,0,21.25,28.36,0,0,0,60.44,0,0,12.88,0,0,28.01,0,0,20.53,20.24,0,0,19.39,18.52
27/02/1987,22.37,0,18.5,0,0,20.06,31.57,0,0,0,61.32,0,0,12.92,0,0,31.37,0,0,22.5,19.21,0,0,20.92,19.05
31/03/1987,22.98,0,19.71,0,0,20.38,29.31,0,0,0,65,0,0,13.8,0,0,29.81,0,0,22.32,19.05,0,0,20.54,19.49
30/04/1987,24,0,19.72,0,0,20.51,26.99,0,0,0,72.01,0,0,13.68,0,0,31.71,0,0,23.8,18.53,0,0,20.97,19.15
29/05/1987,24.19,0,20.09,0,0,19.5,29.96,0,0,0,72.95,0,0,14.38,0,0,34.93,0,0,22.42,18.31,0,0,22.38,19.16
30/06/1987,24.05,0,20.6,0,0,21.03,32.35,0,0,0,68.71,0,0,15.47,0,0,35.75,0,0,22.96,19.6,0,0,23.06,20.17
31/07/1987,27.43,0,21.82,0,0,21.79,34.83,0,0,0,67.44,0,0,16.29,0,0,39.5,0,0,24.85,21.27,0,0,23.72,20.95
31/08/1987,29.12,0,21.91,0,0,22.41,35.51,0,0,0,72.16,0,0,15.77,0,0,39.26,0,0,25.66,21.24,0,0,22.63,21.72
30/09/1987,29.51,0,21.4,0,0,21.91,37.19,0,0,0,70.8,0,0,15.36,0,0,38.4,0,0,25.94,22,0,0,23.76,21.18
30/10/1987,17.05,0,16.69,0,0,17,20.96,0,0,0,62.19,0,0,11.86,0,0,22.55,0,0,20.42,16.89,0,0,17.48,16.49
30/11/1987,17.47,0,15.6,0,0,14.57,19.85,0,0,0,61.6,0,0,10.31,0,0,22.01,0,0,17.05,15.01,0,0,15.45,15.02
31/12/1987,17.57,0,16.61,0,0,14.13,21.18,0,0,0,57.08,0,0,10.72,0,0,23.12,0,0,17.35,14.56,0,0,16.93,16
29/01/1988,16.72,0,15.65,0,0,13.17,21.56,0,0,0,62.2,0,0,11.12,0,0,24.82,0,0,19.49,14.7,0,0,17.75,16.39
29/02/1988,16.33,0,16.27,0,0,15.45,21.85,0,0,0,67.25,0,0,11.66,0,0,24.25,0,0,19.54,15.79,0,0,17.44,17
31/03/1988,18.08,0,16.5,0,0,14.86,22.38,0,0,0,70.16,0,0,11.53,0,0,24.57,0,0,19.64,14.59,0,0,16.7,16.43
29/04/1988,18.81,0,16.67,0,0,14.86,21.97,0,0,0,70.74,0,0,11.84,0,0,25.73,0,0,20.04,14.81,0,0,17.02,16.32
31/05/1988,20.23,0,16.49,0,0,14.78,21.07,0,0,0,67.08,0,0,11.46,0,0,26.65,0,0,20.49,14.74,0,0,16.63,16.31
30/06/1988,19.61,0,17.46,0,0,15.71,22.62,0,0,0,68.69,0,0,12.18,0,0,29.67,0,0,20.25,15.71,0,0,17.03,17.09
29/07/1988,20.29,0,16.72,0,0,15.89,22.71,0,0,0,70.31,0,0,12.88,0,0,30.44,0,0,20.98,15.91,0,0,16.8,16.62
31/08/1988,19.64,0,16.47,0,0,16.08,19.97,0,0,0,66.82,0,0,12.2,0,0,27.56,0,0,20.33,15.9,0,0,15.92,15.98
30/09/1988,18.71,0,16.44,0,0,17.32,19.64,0,0,0,67.65,0,0,12.35,0,0,27.47,0,0,20.81,16.44,0,0,16.36,16.62
31/10/1988,18.93,0,16.88,0,0,18.12,20.99,0,0,0,68.52,0,0,12.48,0,0,27.98,0,0,21.58,16.99,0,0,16.67,16.9
30/11/1988,17.01,0,15.86,0,0,17.69,21.39,0,0,0,72.07,0,0,12.18,0,0,27.07,0,0,21.19,16.98,0,0,15.86,16.51
30/12/1988,17.2,0,16.28,0,0,18.22,21.31,0,0,0,73.68,0,0,12.71,0,0,28.17,0,0,22.53,17.55,0,0,15.86,16.71
31/01/1989,17.91,0,17.12,0,0,18.3,24.15,0,0,0,75.77,0,0,13.49,0,0,30.31,0,26.3,24.08,18.07,0,0,17.98,17.65
28/02/1989,16.49,0,16.67,0,0,17.73,23.42,0,0,0,75.49,0,0,13.05,0,0,30.2,0,24.48,23.87,17.73,0,0,17.36,17.04
31/03/1989,15.82,0,16.57,0,0,17.71,22.23,0,0,0,76.35,0,0,13.61,0,0,30.69,0,25.39,24.21,17.69,0,0,17.54,17.36
28/04/1989,16.56,0,16.86,0,0,18.54,22.49,0,0,0,75.71,0,0,14.03,0,0,31.81,0,27.05,23.99,18.33,0,0,17.61,18.03
31/05/1989,16.99,0,17.65,0,0,18.35,19.55,0,0,0,75.19,0,0,14.08,0,0,32.43,0,27.58,24.22,17.53,0,0,17.38,18.56
30/06/1989,16.96,0,17.83,0,0,19.41,15.91,0,0,0,70.24,0,0,14.31,0,0,32.66,0,26.64,25.09,19.54,0,0,17.36,18.42
31/07/1989,18.24,0,18.64,0,0,20,17.85,0,0,0,74.78,0,0,14.95,0,0,34.3,0,25.88,26.71,21.17,0,0,18.38,19.69
31/08/1989,19.46,0,19.23,0,0,21,16.56,0,0,0,73.28,0,0,15.14,0,0,33.09,0,26.38,27.65,22.22,0,0,18.87,19.92
29/09/1989,18.59,0,18.97,0,0,20.97,18.27,0,0,0,74.69,0,0,14.86,0,0,33.44,0,27.09,25.82,21.32,0,0,18.09,19.87
31/10/1989,17.8,0,18.79,0,0,19.65,18.03,0,0,0,74.48,0,0,14.11,0,0,31.78,0,25.02,23.94,19.93,0,0,16.65,19.39
30/11/1989,16.97,0,18.48,0,0,21.06,18,0,0,0,77.25,0,0,14.62,0,0,32.94,0,23.99,23.04,20.86,0,0,17.48,19.59
29/12/1989,17.73,0,18.88,0,0,23.47,17.95,0,0,0,77.5,0,0,15.11,0,0,34.66,0,23.04,24.91,20.74,0,0,18.61,19.94
31/01/1990,18,0,17.34,0,0,24.07,17.35,0,0,0,72.02,0,0,14.35,0,0,34.55,0,21.54,24.27,20.02,0,0,17.75,18.45
28/02/1990,16.63,0,17.35,0,0,23.69,18.42,0,0,0,66.33,0,0,13.77,0,0,35.23,0,20.24,22.12,19.77,0,0,17.12,18.52
30/03/1990,15.77,0,17.16,0,0,25.42,17.89,0,0,0,56.57,0,0,14.18,0,0,33.63,0,18.39,20.77,18.11,0,0,16.75,18.83
27/04/1990,15.77,0,17.3,0,0,25.51,17.29,0,0,0,56.2,0,0,14.08,0,0,33.24,0,18.8,20.24,18.04,0,0,16.5,18.6
31/05/1990,15.92,0,17.79,0,0,23.34,18.16,0,0,0,62.06,0,0,14.12,0,0,33.33,0,20.71,22.64,19.37,0,0,16.9,19.88
29/06/1990,16.01,0,17.62,0,0,24,18.75,0,0,0,57.29,0,0,14.07,0,0,33.32,0,21.27,23.27,19.49,0,0,16.92,19.79
31/07/1990,16.72,0,17.68,0,0,24.09,19.53,0,0,0,54.42,0,0,14.14,0,0,34.89,0,20.66,23.23,18.88,0,0,16.35,19.41
31/08/1990,16,0,17.32,0,0,20.5,16.73,0,0,0,48.06,0,0,12.7,0,0,28.58,0,17.53,20.01,16.29,0,0,15.14,17.58
28/09/1990,14.63,0,16.48,0,0,16.7,14.61,0,0,0,38.21,0,0,11.94,0,0,23.83,0,14.35,15.39,14.15,0,0,13.75,16.59
31/10/1990,14.29,0,16.1,0,0,18.39,15.81,0,0,0,44.72,0,0,12.27,0,0,24.6,0,15.72,15.66,14.79,0,0,14.21,16.34
30/11/1990,14.37,0,16.09,0,0,18.42,15.72,0,0,0,40.02,0,0,12.39,0,0,23.65,0,14.96,14.09,14.44,0,0,14.75,17.19
28/12/1990,14.37,0,16.13,0,0,18.09,15.47,0,0,0,39.75,0,0,12.36,0,0,23.66,0,14.68,14,14.41,0,0,14.76,17.14
31/01/1991,14.1,0,16.3,0,0,17.76,16.72,0,0,0,42.04,0,0,12.12,0,0,25.89,0,15.04,16.31,15.11,0,0,14.94,18.25
28/02/1991,14.82,0,17.02,0,0,19.4,18.12,0,0,0,47.34,0,0,13.37,0,0,29.25,0,16.71,17.41,16.74,0,0,16.44,19.54
28/03/1991,14.24,0,17,0,0,18.95,17.28,0,0,0,47.32,0,0,13.07,0,0,28.48,0,16.72,16.69,15.71,0,0,16.07,19.47
30/04/1991,16.1,0,17.25,0,0,19.4,17.44,0,0,0,46.65,0,0,14.36,0,0,29.32,0,18,17.02,16.82,0,0,16.77,19.94
31/05/1991,16.29,0,18.51,0,0,20.18,17.77,0,0,0,47.05,0,0,14.52,0,0,29.79,0,18.64,17.87,17.45,0,0,16.73,20.78
28/06/1991,16.03,0,18.07,0,0,19.23,17.66,0,0,0,42.65,0,0,14.26,0,0,28.95,0,17.52,18.27,16.6,0,0,15.97,19.75
31/07/1991,16.94,0,18.44,0,0,18.61,19.23,0,0,0,43.88,0,0,14.55,0,0,28.68,0,16.54,18.32,17.14,0,0,16.95,20.5
30/08/1991,16.57,0,19.13,0,0,18.79,18.53,0,0,0,41.12,0,0,13.89,0,0,26.78,0,16.42,18.17,17.18,0,0,17.4,20.99
30/09/1991,16.78,0,18.57,0,0,18.3,17.95,0,0,0,43.06,0,0,13.46,0,0,25.68,0,17.05,16.81,16.42,0,0,17.29,20.54
31/10/1991,18.62,0,19.45,0,0,18.16,18.25,0,0,0,44.65,0,0,13.7,0,0,26.21,0,16.33,16.38,16.56,0,0,16.96,20.82
29/11/1991,17.43,0,18.67,0,0,17.91,18.67,0,0,0,40.79,0,0,13.67,0,0,26.42,0,14.73,14.91,16.11,0,0,15.82,19.88
30/12/1991,17.43,0,18.75,0,0,17.55,18.45,0,0,0,40.34,0,0,13.6,0,0,26.4,0,14.46,14.79,16.07,0,0,15.74,19.79
31/01/1992,17.44,0,19.26,0,0,18.69,20.77,0,0,0,38.1,0,0,14.32,0,0,28.07,0,15.04,15.14,17.53,0,0,16.52,21.63
28/02/1992,17.06,0,19.57,0,0,19.47,22.07,0,0,0,36.12,0,0,14.5,0,0,28,0,15.39,14.96,18.24,0,0,16.6,22.04
31/03/1992,16.3,0,18.66,0,0,18.73,20.88,0,0,0,33.17,0,0,14.25,0,0,26.39,0,14.8,15.54,17.08,0,0,15.58,21.59
30/04/1992,17.46,0,18.49,0,0,18.77,22.37,0,0,0,30.94,0,0,14.67,0,0,26.59,0,14.68,15.89,17.6,0,0,17.09,21.88
29/05/1992,18.29,0,19.34,0,0,18.87,25.33,0,0,0,32.18,0,0,14.8,0,0,26.88,0,15.44,16.09,17.91,0,0,17.36,22.01
30/06/1992,17.62,0,19.49,0,0,18.26,25.46,0,0,0,28.51,0,0,14.18,0,0,26.25,0,13.6,14.94,17.44,0,0,15.84,21.6
31/07/1992,17.44,0,19.54,0,0,16.29,24.12,0,0,0,28.35,0,0,13.73,0,0,26.29,0,11.96,14.07,16.85,0,0,14.97,22.24
28/08/1992,17.29,0,19.88,0,0,16.42,23.35,0,0,0,28.44,0,0,13.3,0,0,25.93,0,11.7,14.19,16.88,0,0,14.95,22.18
30/09/1992,15.95,0,19.01,0,0,15.03,21.83,0,0,0,30.73,0,0,13.2,0,0,24.98,0,10.46,11.61,17.39,0,0,15.8,21.75
30/10/1992,15.8,0,19.11,0,0,15.38,24.38,0,0,0,30.19,0,0,13.02,0,0,25.96,0,10.8,11.49,17.56,0,0,16.5,21.65
30/11/1992,15.93,0,18.22,0,0,15.81,22.51,0,0,0,31.43,0,0,13.53,0,0,26.9,0,11.88,15.22,17.77,0,0,17.28,22.19
30/12/1992,15.93,0,18.21,0,0,15.53,22.36,0,0,0,31.21,0,0,13.48,0,0,26.74,0,11.69,15.27,17.76,0,0,17.28,22.13
29/01/1993,16.69,0,17.8,0,0,15.86,21.84,0,0,0,30.52,0,0,13.99,0,0,27.17,0,12.68,14.97,19.42,0,0,17.72,22.51
26/02/1993,17.19,0,18.51,0,0,17.03,23.65,0,0,0,30.26,0,0,14.68,0,0,27.46,0,12.75,16.24,19.71,0,0,18.34,22.92
31/03/1993,17.04,0,19.22,0,0,16.9,22.24,0,0,0,33.54,0,0,15.27,0,0,26.72,0,13.5,15.98,19.49,0,0,18.31,23.27
28/04/1993,17.16,0,19.25,0,0,16.85,22.16,0,0,15.39,33.36,0,0,15.06,0,0,26.21,0,13.69,16.49,19.51,0,0,18.31,22.97
28/05/1993,17.82,0,21.34,0,0,16.24,25.42,0,0,18.46,38.4,0,0,15.07,0,0,28.24,0,14.66,20.09,20.11,0,0,18.24,22.9
30/06/1993,17.45,0,21.22,0,0,16.77,24.32,0,0,18.33,37.18,0,0,15.93,0,0,27.42,0,14.66,20.63,21.08,0,0,18.41,22.89
30/07/1993,18.58,0,21.33,0,0,17.44,23.76,0,0,19.37,39.16,0,0,16.49,0,0,27.61,0,15,22.79,21.34,0,0,18.56,22.55
31/08/1993,19.71,0,22.38,0,0,18.75,24.49,0,0,21.26,39.82,0,0,17.04,0,0,30.38,0,16.78,24.48,22.02,0,0,19.61,23.34
30/09/1993,19.92,0,21.18,0,0,18.5,24.41,0,0,19.33,38.41,0,0,16.57,0,0,30.94,0,15.98,24.56,21.78,0,0,19.14,22.98
29/10/1993,21.98,0,22.81,0,0,20.27,29.78,0,0,19.25,39.32,0,0,18.03,0,0,32.57,0,17.16,27.01,23.77,0,0,19.99,23.14
30/11/1993,20.42,0,21.87,0,0,20.2,29.06,0,0,17.88,33.3,0,0,18.15,0,0,32.23,0,16.26,23.93,24.24,0,0,19.99,22.89
30/12/1993,20.44,0,21.97,0,0,19.92,28.93,0,0,17.92,33.19,0,0,18.14,0,0,32.07,0,16.11,23.89,24.49,0,0,20.01,22.87
31/01/1994,23.02,0,24.55,0,0,20.87,35.16,0,0,22.21,39.58,0,0,20.29,0,0,37.96,0,19.48,28.95,28.5,0,0,22.04,23.94
28/02/1994,21.37,0,23.79,0,0,20.22,31.39,0,0,22.52,39.7,0,0,19.4,0,0,37.33,0,18.02,27.79,26.4,0,0,21.23,23.29
30/03/1994,20.85,0,24.26,0,0,19.98,29.35,0,0,22.45,39.64,0,0,19.43,0,0,36.32,0,18.36,27.49,25.23,0,0,21.01,23.16
28/04/1994,19.74,0,23.34,0,0,20.35,25.84,0,0,24.8,37.27,0,0,18.04,0,0,31.54,0,17.04,25.42,24.53,0,0,19.48,21.97
31/05/1994,20.38,0,24.13,0,0,20.52,27.14,0,0,26.06,41.69,0,0,18.16,0,0,33.57,0,18.87,27.23,23.56,0,0,18.58,22.53
30/06/1994,19.25,0,22.55,0,0,20.05,24.71,0,0,23.62,41.25,0,0,17.32,0,0,32.63,0,15.46,25.99,22.75,0,0,18.01,21.82
29/07/1994,20.05,0,23.57,0,0,20.63,26.67,0,0,24.84,40.56,0,0,18.31,0,0,33.08,0,15.92,27.81,22.22,0,0,18.93,22.27
31/08/1994,20.71,0,25.02,0,0,21.36,26.98,0,0,23.94,40.9,0,0,18.45,0,0,33.63,0,15.89,26.4,22.9,0,0,19.93,23.02
30/09/1994,19.74,0,24.62,0,0,19.69,25.15,0,0,23.05,39.61,0,0,17.53,0,0,34.21,0,15.18,25.91,21.91,0,0,18.34,22.36
28/10/1994,20.15,0,24.62,0,0,19.84,25.07,0,0,23.23,39.65,0,0,17.49,0,0,34.15,0,15.08,25.79,21.82,0,0,18.38,22.15
30/11/1994,18.83,0,22.53,0,0,20.14,21.99,0,0,20.99,38.98,0,0,18.36,0,0,33.03,0,15.3,26.27,22.31,0,0,18.58,21.61
29/12/1994,18.85,0,22.57,0,0,19.86,21.82,0,0,21.1,38.82,0,0,18.36,0,0,32.9,0,15.16,26.28,22.48,0,0,18.58,21.6
30/01/1995,18.64,0,23.38,0,0,20.34,20.98,0,0,21.62,39.58,0,0,18.52,0,0,33.03,0,14.18,25.2,22.77,0,0,18.29,21.87
28/02/1995,18.65,0,22.69,0,0,20.72,21.07,0,0,22.44,34.57,0,0,17.8,0,0,31.31,0,13.77,25.39,23.07,0,0,17.83,22.97
31/03/1995,18.2,0,24.41,0,0,18.57,20.48,0,0,21.56,33.82,0,0,17.32,0,0,30.19,0,13.43,24.06,21.38,0,0,18.4,23.45
28/04/1995,19.46,0,23.53,0,0,19.34,19.58,0,0,22.93,34.61,0,0,17.81,0,0,29.28,0,14.08,25.73,22.03,0,0,18.71,23.8
31/05/1995,19.19,0,25.05,0,0,20.59,21.74,0,0,23.91,33.79,0,0,18.42,0,0,30.78,0,15.77,26.23,23.09,0,0,19.22,24.47
30/06/1995,18.94,0,25.66,0,0,20.94,21.25,0,0,21.73,32.51,0,0,18.21,0,0,29.28,0,14.26,27.69,23.35,0,0,18.92,25
31/07/1995,19.75,0,25.81,0,0,21.71,21.68,0,0,22.41,36.58,0,0,19.13,0,0,29.86,0,14.68,28.61,23.34,0,0,19.67,25.42
31/08/1995,19.64,0,25.5,0,0,21.92,20.1,0,0,22.02,39.33,0,0,18.61,0,0,28.21,0,15.11,27.26,23.83,0,0,19.68,25.21
29/09/1995,19.61,0,25.11,0,0,21.44,20.84,0,0,20.86,40.43,0,0,18.85,0,0,27.6,0,14.97,30.14,24.66,0,0,19.65,26.23
31/10/1995,19.3,0,24.77,0,0,21.09,20.78,0,0,19.8,39.6,0,0,18.4,0,0,27.3,0,14.28,27.62,25.32,0,0,19.66,25.81
30/11/1995,19.77,0,24.71,0,0,21.68,20.57,0,0,18.44,41.9,0,0,19.66,0,0,27.68,0,15.15,26.34,26.44,0,0,20.35,26.56
28/12/1995,19.83,0,24.85,0,0,21.6,20.54,0,0,18.4,41.73,0,0,19.61,0,0,27.63,0,15.03,26.31,26.62,0,0,20.36,26.57
31/01/1996,20.37,0,26.8,0,0,23.83,23.99,0,0,21.13,45.5,0,0,21.1,0,0,31.43,0,16.03,26.29,26.86,0,0,20.78,27.8
29/02/1996,20.17,0,26.24,0,0,24.07,23.5,0,0,21.17,44.18,0,0,21,0,0,31.55,0,16.66,27.8,28.54,0,0,20.52,27.62
29/03/1996,19.36,0,27.24,0,0,23.57,22.46,0,0,20.66,46.46,0,0,21.59,0,0,29.73,0,16.71,27.19,29.72,0,0,20.25,27.82
26/04/1996,19.45,0,26.55,0,0,23.33,22.14,0,0,20.43,46.48,0,0,21.18,0,0,28.92,0,16.59,27.04,29.51,0,0,20.08,27.41
30/05/1996,20.27,0,28.21,0,0,24.96,21.82,0,0,24.23,49.75,0,0,21.9,0,0,28.67,0,18.88,27.27,29.03,0,0,20.63,27.49
28/06/1996,19.2,0,27.77,0,0,25.73,22.01,0,0,22.64,50.19,0,0,22.72,0,0,26.86,0,17.8,28.36,29.52,0,0,19.75,28.27
31/07/1996,18.64,0,26.99,0,0,24.59,20.98,0,0,20.51,46.63,0,0,21.56,0,0,24.86,0,16.3,27.13,27.5,0,0,19.66,26.54
30/08/1996,19.27,0,28.17,0,0,25.28,20.71,0,0,20.08,45.2,0,0,21.29,0,0,24.56,0,16.72,27.7,28.36,0,0,20.36,26.96
30/09/1996,19.49,0,28.69,0,0,25.94,21.95,0,0,20.97,48.62,0,0,22.56,0,0,24.13,0,17.71,29.61,28.91,0,0,20.68,28.36
31/10/1996,20.72,0,30.35,0,0,26.09,22.75,0,0,19.83,46.56,0,0,23.02,0,0,23.23,0,17.98,30.3,28.82,0,0,20.84,28.59
29/11/1996,20.58,0,31.14,0,0,27.43,24.33,0,0,21.44,47.76,0,0,24.97,0,0,23.84,0,19.44,31.08,29.94,0,0,21.2,30.37
30/12/1996,20.63,0,31.26,0,0,27.36,24.31,0,0,21.5,47.5,0,0,24.94,0,0,23.82,0,19.36,31.11,30.2,0,0,21.18,30.34
31/01/1997,20.71,0,31.27,0,0,29.04,23.6,0,0,25.4,42.04,0,0,26.82,0,0,24.67,0,22.26,34.3,33.3,0,0,22.02,31.49
28/02/1997,20.7,0,31.27,0,0,31.3,23.49,0,0,24.74,42.82,0,0,28.51,0,0,24.71,0,21.96,35.36,35.43,0,0,22.01,31.24
26/03/1997,20.5,0,31.86,0,0,30.68,22.65,0,0,24.93,42.65,0,0,28.25,0,0,23.98,0,22.34,34.39,34.28,0,0,21.85,31.15
28/04/1997,20.29,0,30.01,0,0,31.96,20.91,0,0,24.81,42.37,0,0,28.09,0,0,21.81,0,22.93,35.91,37.62,0,0,21.81,29.4
30/05/1997,21.83,0,33.13,0,0,34.01,23.64,0,0,26.27,45.54,0,0,30.02,0,0,21.46,0,28.45,35.96,39.92,0,0,23.14,32.72
27/06/1997,21.56,0,33.06,0,0,33.94,23.6,0,0,25.24,46.11,0,0,29.68,0,0,21.86,0,26,36.07,39.72,0,0,22.86,32.64
31/07/1997,22.79,0,35.5,0,0,41.35,26.39,0,0,30.72,48.27,0,0,37.23,0,0,21.45,0,27.57,42.05,46.33,0,0,23.85,36.04
29/08/1997,21.51,0,33.78,0,0,36.07,21.84,0,0,29.15,44.61,0,0,31.67,0,0,19.55,0,26.62,36.76,39.84,0,0,23.22,33.71
30/09/1997,23.21,0,35.08,0,0,37.55,23.04,0,0,31.59,44.51,0,0,33.67,0,0,20.26,0,30.03,40.31,42.48,0,0,25.15,35.29
31/10/1997,21.33,0,33.92,0,0,34.1,16.31,0,0,29.18,40.08,0,0,31.58,0,0,16.69,0,26.14,35.45,40.83,0,0,23.35,33.79
28/11/1997,21.08,0,32.67,0,0,35.98,15.89,0,0,30.68,40.09,0,0,32.04,0,0,18.37,0,27.9,35.5,42.89,0,0,23.19,35.02
30/12/1997,21.18,0,33.09,0,0,35.87,15.92,0,0,30.81,40.01,0,0,31.97,0,0,18.4,0,27.9,35.54,43.1,0,0,23.17,35.07
27/01/1998,22.43,0,33.74,0,0,38.05,16.13,0,0,33.96,38.61,0,0,33.26,0,0,17.98,0,28.99,35.05,46.49,0,0,24.37,35.47
27/02/1998,22.95,0,36.05,0,0,42.29,16.58,0,0,40.07,41.08,0,0,36.2,0,0,17.94,0,35.15,40.12,53.94,0,0,27.08,38.13
31/03/1998,23.36,0,39.56,0,0,44.86,15.9,0,0,49,40.32,0,0,37.71,0,0,17.93,0,41.13,42.48,53.88,0,0,27.86,40.01
28/04/1998,23.36,0,39,0,0,44.1,15.71,0,0,48.29,40.32,0,0,37.08,0,0,17.46,0,41.02,42.27,56.93,0,0,27.72,39.77
29/05/1998,23,0,39.64,0,0,48.48,11.95,0,0,49.33,42.05,0,0,38.37,0,0,13.77,0,43.51,44.18,55.05,0,0,27.11,38.95
30/06/1998,23.06,0,38.36,0,0,50.75,11.37,0,0,45.88,43.94,0,0,37.82,0,0,12.4,0,40.72,44.95,55.08,0,0,26.67,40.44
31/07/1998,23.27,0,36.11,0,0,50.53,10.58,0,0,49.48,45.75,0,0,37.36,0,0,12.52,0,41.33,44.27,57.83,0,0,26.56,39.61
28/08/1998,23.22,0,36.06,0,0,50.2,10.22,0,0,49.14,45.65,0,0,36.26,0,0,12.21,0,41.46,41.89,55.99,0,0,26.14,39.37
30/09/1998,22.56,0,29.07,0,0,38.52,11.41,0,0,35.61,37.46,0,0,28.04,0,0,11.06,0,30.19,33.19,38.89,0,0,22.84,35.87
30/10/1998,23.89,0,32.58,0,0,39.84,15.43,0,0,37.72,37.62,0,0,29.52,0,0,13.21,0,34.52,35.34,43.88,0,0,24.61,38.32
30/11/1998,24.61,0,33.01,0,0,41.3,15.61,0,0,42.56,41.7,0,0,31.93,0,0,15.36,0,36.94,38.62,47.71,0,0,25.96,40.65
30/12/1998,24.72,0,33.41,0,0,41.21,15.73,0,0,42.73,41.61,0,0,31.93,0,0,15.36,0,37.01,38.68,47.89,0,0,26.01,40.69
29/01/1999,25.51,0,36.16,0,0,43.72,14.51,0,0,44.75,41.29,0,0,32.98,0,0,15.73,0,37.83,38.88,49.06,0,0,26.59,44.82
26/02/1999,25.04,0,34.39,0,38.28,42.43,14.59,0,0,46.85,41.64,0,0,34.44,0,0,15.82,0,37.64,39.09,48.89,0,0,27.82,43.11
31/03/1999,25.55,0,36.84,0,40.79,40.61,16.58,0,0,49.8,47.59,0,0,35.23,0,0,18.19,0,37.2,39.63,46.4,0,0,28.5,44.77
28/04/1999,25.69,0,36.49,0,39.51,39.92,16.54,0,0,49.23,47.78,0,0,34.71,0,0,17.72,0,37.02,39.47,48.65,0,0,28.39,44.55
28/05/1999,25.53,0,37.95,0,41.37,42.25,18.61,0,0,49.37,52.01,0,0,35.79,0,0,22.01,0,40.23,42.04,46.21,0,0,28.04,44.4
30/06/1999,25.76,0,39.43,0,42.58,44.24,20.49,0,0,47.24,64.36,0,0,35.71,0,0,25.66,0,38,46.17,44.96,0,0,28.48,46.38
30/07/1999,25.95,0,39.8,0,41.41,41.74,20,0,0,43.98,68.32,0,0,35.4,0,0,25.82,0,34.06,45.93,44.7,0,0,28.01,44.3
31/08/1999,25.24,0,38.9,0,43.5,42.53,19.67,0,0,45.12,64.78,0,0,35.5,0,0,25.07,0,35.3,44.22,43.95,0,0,27.65,43.53
30/09/1999,25.35,0,38.86,0,43.4,41.34,19.46,0,0,43.46,66.1,0,0,33.57,0,0,25.47,0,34.51,44.87,41.88,0,0,26.61,41.89
29/10/1999,25.39,0,41.03,0,45.35,44.07,20.63,0,0,42.71,67.83,0,0,35.59,0,0,25.84,0,35.22,50.13,43.39,0,0,27.5,43.78
30/11/1999,26.4,0,41.84,0,49.32,45.77,23.3,0,0,45.54,69.93,0,0,36.77,0,0,27.65,0,39.14,54.93,45.2,0,0,28.43,44.47
30/12/1999,26.4,0,41.98,0,49.33,45.74,23.52,0,0,45.54,70.19,0,0,36.73,0,0,27.7,0,39.11,55.01,45.31,0,0,28.4,44.49
31/01/2000,26.05,0,47.28,0,52.58,53.12,23.74,0,0,50.56,74.51,0,0,37.02,0,0,27.17,0,38.73,67.29,42.26,0,0,26.83,44.58
29/02/2000,26.19,0,50.23,0,57.55,58.95,25.25,0,0,59.43,74.79,0,0,38.9,0,0,24.99,0,42.28,79.11,41.99,0,0,26.1,42.96
31/03/2000,26.19,0,55.4,0,59.87,56.83,24.04,0,0,55.97,75.78,0,0,40.01,0,0,24.64,0,42.55,72.79,41.86,0,0,27.61,47.13
28/04/2000,26.39,0,53.65,0,58.88,53.62,21.67,0,0,54.19,74.01,0,0,39.73,0,0,25.46,0,41.29,72.32,43.53,0,0,26.89,45
31/05/2000,25.68,0,51.89,0,60,52.94,16.95,0,0,59.02,71.22,0,0,39.27,0,0,20.87,0,40.78,67.53,44.35,0,0,27,43.06
30/06/2000,27.43,0,57.89,0,59.22,50,19.51,0,0,58.51,84.74,0,0,39.53,0,0,24.55,0,37.88,65.72,42.86,0,0,27.11,43.82
31/07/2000,26.53,0,58.16,0,60.45,51.34,20.94,0,0,54.13,78.99,0,0,37.84,0,0,24.47,0,37.66,65.55,43.95,0,0,27.41,42.11
31/08/2000,27.14,0,60.62,0,61.26,50.51,19.64,0,0,55.32,82.29,0,0,37.51,0,0,24.35,0,38.05,64.15,43.56,0,0,27.95,44
29/09/2000,27.82,0,54.59,0,56.49,48.25,18.33,0,0,53.04,78.64,0,0,36.16,0,0,22.92,0,38.91,57.96,39.79,0,0,26.85,41.68
31/10/2000,26.54,0,49.67,0,55.86,50.22,17.24,0,0,56.32,75.34,0,0,36.65,0,0,22.49,0,37.35,54.36,41.67,0,0,27.42,40.71
30/11/2000,26.04,0,44.36,0,52.09,43.94,16.66,0,0,55.75,73.66,0,0,35.26,0,0,21.99,0,32.89,47.39,42.19,0,0,26.26,37.32
29/12/2000,25.52,0,43.61,0,51.79,43.3,18.4,0,0,52.01,69.53,0,0,34.52,0,0,21.86,0,33.09,46.37,43.04,0,0,26.65,37.22
31/01/2001,26.77,0,46.1,0,52.43,45.7,18.91,0,0,52.42,69.07,0,16.92,35.05,0,0,21.94,0,36.02,50.25,42.02,0,18.02,26.91,38.25
28/02/2001,26.43,0,38.91,0,46.04,41.84,18.44,0,0,48.9,66.88,0,15.08,31.23,0,0,21.27,0,33.61,41.88,39.78,0,15.61,24.86,34.31
30/03/2001,25.24,0,36.48,0,44.96,37.8,17.76,0,0,46.41,70.03,0,14.55,29.24,0,0,18.29,0,32.95,33.61,34.75,0,13.8,23.82,32.19
27/04/2001,24.96,0,36.06,0,43.11,37.26,17.56,0,0,45.53,70.44,0,14.93,28.77,0,0,17.82,0,32.81,32.22,35.68,0,12.55,23.75,31.87
31/05/2001,26.5,0,39.55,0,46.16,38.81,15.43,0,0,45.51,68.09,0,17.13,30.14,0,0,17.08,0,34.14,36.72,37.06,0,15.31,24.36,34.53
29/06/2001,27.07,0,37.25,0,43.66,37.69,15.56,0,0,42.24,73.74,0,16.62,29.08,0,0,18.13,0,29.82,35.44,34.46,0,14.6,23.9,33.55
31/07/2001,25.47,0,36.46,0,43.25,36.56,15.53,0,0,39.25,69.29,0,15.57,27.24,0,0,17.78,0,28.42,36.57,32.73,0,13.12,23.5,32.91
31/08/2001,24.92,0,34.35,0,40.08,32.88,13.62,0,0,37.09,64.74,0,15.19,25.1,0,0,16.85,0,27.6,33.12,30.84,0,12.18,22.45,30.6
28/09/2001,23.28,0,31.19,0,34.47,27.51,11.76,0,0,32.27,58.1,0,13.75,21.53,0,0,13.85,0,24.48,28.82,28.09,0,8.85,20.65,28.33
31/10/2001,25.03,0,30.93,0,35.97,29.41,12.66,0,0,33.25,60.44,0,13.8,21.71,0,0,14.24,0,25.78,29.87,28.13,0,11.05,21.24,28.35
30/11/2001,25.52,0,33.48,0,37.6,31.9,14.2,0,0,34.42,61.98,0,13.96,22.76,0,0,15.4,0,27.14,34.3,29.69,0,11.78,21.92,30.78
28/12/2001,25.51,0,33.35,0,37.53,31.41,14.28,0,0,33.97,60.36,0,14.04,22.87,0,0,15.46,0,27.23,34.57,29.77,0,11.45,22.07,30.81
31/01/2002,26.02,0,33.19,0,37.52,32.27,15.08,0,0,34.25,58.27,0,16.82,23.57,0,0,19.48,0,26.2,33.06,29.47,0,13.24,22.01,30.17
28/02/2002,25.32,0,32.4,0,36.75,31.18,14.44,0,0,34.61,61.1,0,15.84,24.09,0,0,18.79,0,25.94,31.61,30.04,0,11.62,21.28,29.28
28/03/2002,25.1,0,32.35,0,37.08,30.31,15.46,0,0,33.86,61.82,0,16.14,23.64,0,0,18.73,0,25.94,31.16,28.42,0,11.46,21.1,29.34
26/04/2002,25,0,33.24,0,37.39,31.97,16.09,0,0,35.15,64.9,0,18.13,25.22,0,0,19.54,0,26.19,30.7,31.35,0,11.5,21.76,30.14
31/05/2002,24.06,0,33.31,0,36.57,30.85,14.62,0,0,33.42,67.68,0,17.43,24.26,0,0,18.05,0,25.81,25.87,31.49,0,9.91,20.82,27.84
28/06/2002,23.05,0,31.52,0,32.96,27.97,14.58,0,0,30.54,85.22,0,15.65,22.26,0,0,17.2,0,21.06,24.02,28.26,0,8.41,19.31,25.69
31/07/2002,21.82,0,28.73,0,29.32,23.13,13.99,0,0,26.15,79.69,0,13.71,18.06,0,0,16.8,0,18.93,22.15,24.84,0,9.45,17.52,23.69
30/08/2002,22.18,0,27.97,0,28.44,23.38,12.56,0,0,26.47,78.74,0,14.15,17.68,0,0,16.23,0,19.81,21.17,24.75,0,8.11,17.11,23.56
30/09/2002,21.14,0,25.65,0,23.28,17.57,11.89,0,0,22.94,74.79,0,13.57,14.36,0,0,14.96,0,16.5,17.66,22.29,0,7.23,15.06,20.98
31/10/2002,21.81,0,24.77,0,27.03,20.21,12.85,0,0,24.49,70.1,0,13.97,16.07,0,0,16.01,0,18.73,19.62,22.94,0,8.83,16.24,22.68
29/11/2002,21.8,0,26.05,0,28.41,21.07,13.54,0,0,26.81,69.01,0,14.33,16.9,0,0,15.15,0,20,21.99,24.03,0,10.76,16.55,23.79
30/12/2002,21.79,0,25.67,0,28.28,20.79,13.6,0,0,26.45,66.3,0,14.35,17.01,0,0,15.14,0,20.01,22.21,24.15,0,10.55,16.58,23.76
30/01/2003,20.97,0,24.86,0,25.88,18.09,12.57,0,0,24.6,64.65,0,14.53,15.36,0,0,14.67,0,18.15,19.65,21.73,0,8.54,15.76,21.99
28/02/2003,19.32,0,24.58,0,22.29,17.04,12.46,0,0,25.43,61.51,0,13.76,12.99,0,0,13.87,0,17.68,18.87,19.6,0,10.28,14.38,20.75
31/03/2003,19.97,0,23.7,0,21.86,15.42,12.71,0,0,23.31,59.84,0,13.98,12.44,0,0,13.92,0,17.35,18.13,18.4,0,8.02,14.12,20.93
30/04/2003,20.76,0,24.64,0,24.03,18.33,12.38,0,0,25.74,59.69,0,15.69,13.74,0,0,13.83,0,19.35,20.38,21.55,0,9.19,15.33,22.44
30/05/2003,20.39,0,26.08,0,25.85,19.84,12.05,0,0,25.95,54.29,0,16.29,14.29,0,0,14.8,0,19.58,19.71,22.33,0,8.35,15.82,23.63
30/06/2003,20.6,0,26.88,0,26.4,20.92,13.03,0,0,24.62,81.87,0,16.65,14.36,0,0,16.43,0,19.81,20.09,22.84,0,7.86,15.97,23.94
31/07/2003,21.08,0,27.51,0,27.89,22.07,13.95,0,0,24.1,86.22,0,16.66,14.95,0,0,17.68,0,20.2,22.6,24.11,0,7.89,16.49,24.19
29/08/2003,21.76,0,28.03,0,28.37,22.34,14.98,16.68,0,24.3,90.92,0,16.88,15.05,0,0,17.77,0,20.2,22.85,24.4,0,8.56,16.27,24.29
30/09/2003,21.74,0,27.3,0,25.59,20.9,16.02,17.99,0,23.16,88.17,0,17.93,13.91,0,0,18.51,0,18.92,21.58,23.45,0,9.25,16,24.06
31/10/2003,22.48,0,27.1,0,28.27,23.68,17.42,19.62,0,23.97,90.71,0,17.79,14.86,0,0,19.35,0,20.07,22.61,24.05,0,11.95,16.67,25.1
28/11/2003,21.58,0,26.98,0,28.94,24.04,17.22,19.81,0,24.63,80.04,0,18.85,14.92,0,0,19.02,0,19.89,22.26,24.45,0,10.72,16.71,25.03
30/12/2003,21.58,0,26.63,0,28.78,23.61,17.23,19.85,0,24.34,77.17,0,18.88,14.96,0,0,19.02,0,19.88,22.46,24.55,0,10.63,16.75,25.02
30/01/2004,22.2,0,27.77,0,30.45,25.28,19.22,22.01,0,24.83,81.39,0,20.84,15.85,0,0,20.52,0,21.95,25.54,26.26,0,13.06,17.04,26.34
27/02/2004,22.67,0,28.34,0,28.98,26.35,19.76,21.41,0,25.56,82.51,0,21.27,15.94,0,0,20.58,0,22.3,26.38,26.37,0,15.01,17.11,26.25
31/03/2004,22.85,0,27.56,0,28.27,24.07,20.11,20.82,0,25.05,90.02,0,22.83,15.34,0,0,20,0,21.34,26.1,24.22,0,15.41,16.55,25.87
30/04/2004,22.78,0,26.53,0,27.82,24.13,18.8,20.83,0,26.83,90.23,0,22.31,15.63,0,0,20.13,0,21.64,25.38,26.19,0,13.18,17,25.19
28/05/2004,22.67,0,26.97,0,29.1,25.14,16.8,20.23,0,26.18,77.38,0,22.13,16.11,15.4,0,20.13,0,21.01,25.42,26.51,0,12.02,17.05,25.11
30/06/2004,23.87,0,28.25,0,29.27,24.54,17.91,17.62,0,25.31,88.54,0,21.9,16.12,14.95,0,20.07,0,21.07,25.76,25.11,0,11.81,17.08,25.67
30/07/2004,23.63,0,27.81,0,28.65,23.06,18.13,18.72,0,24.09,83.32,0,20.4,15.16,14.81,0,20.7,0,20.39,25.76,24.71,21.94,13.44,16.81,24.54
31/08/2004,23.99,0,27.15,0,28.1,22.2,18.28,18.68,0,24.1,81.62,0,20.32,14.41,14.64,0,20.15,16.62,20.03,24.95,24.09,23.19,13.66,16.63,24.26
30/09/2004,24.16,0,27.77,0,26.96,22.8,18.8,20.22,28.06,24.61,75.53,19.02,22.32,14.28,14.74,0,21.27,17,20.34,25.73,23.68,22.3,13.71,16.97,24.64
29/10/2004,24.86,0,27.26,10.29,28.28,23.4,19.39,20.53,29.88,25.12,74.48,19.39,23.02,14.61,15.61,0,20.95,16.91,21.39,24.51,23.12,22.78,15.12,17.15,24.7
30/11/2004,25.55,0,27.02,11.39,28.9,24.25,20.92,22.14,33.2,25.52,67.92,19.56,23.1,14.87,16.75,0,21.01,18.14,21.55,25.75,23.45,22.93,14.54,17.25,25.35
30/12/2004,25.54,0,26.69,11.39,28.77,23.86,20.96,22.25,33.56,25.26,65.87,19.54,23.14,14.91,16.87,0,21.04,18.09,21.55,26.04,23.49,23.1,14.33,17.27,25.25
31/01/2005,26.78,0,26.35,11.03,29.9,23.75,20.54,22.9,35.46,26.51,68.58,20.27,25.47,15.83,17.37,0,22.15,18.21,22.99,26.86,24.62,22.57,18.16,18.04,25.11
28/02/2005,27.38,0,27.76,11.85,28.77,25.37,21.27,23.19,33.34,27.24,69.79,21.25,25.63,16.62,20.03,0,22.06,19.11,22.28,27.4,25.15,22.96,19.7,18.2,25.53
31/03/2005,25.74,0,27.54,11.07,27.87,24.23,21.83,22.24,34.04,27.23,68.89,20.08,23.15,16.21,18.8,0,22.21,18.42,21.9,27.2,23.71,21.47,17.56,17.66,25.13
28/04/2005,25.81,0,27.71,10.96,27.23,23.86,21.47,22.13,33.24,28.15,68.62,20.31,23.25,16.15,18.34,0,22.27,18.3,21.89,26.37,24.61,21.16,17.09,17.65,24.92
31/05/2005,25.85,0,28.26,11.66,29.34,25.45,19.99,22,38.52,27.15,59.29,21.84,23.17,16.68,17.59,0,22.72,18.5,21.86,27.96,25.97,23.02,15.68,17.99,25.11
30/06/2005,27.55,0,29.5,13.04,29.57,25.26,21.83,24.03,38.34,26.88,64.5,21.93,22.99,17.33,18.69,0,23.28,19.15,22.73,28.68,25.95,23.85,16.09,18.6,25.08
29/07/2005,27.93,0,31.08,13.82,31.09,26.46,22.97,25.1,39.45,27.12,64.81,23.17,25.07,17.37,20.7,0,24.8,20.34,23.26,30.71,27.45,23.66,18.53,19.09,25.82
31/08/2005,28.63,0,31.4,14.53,30.68,26.07,21.53,25.26,35.44,27.38,67.53,21.15,25.19,16.53,20.98,0,23.26,20.49,22.75,29.72,26.92,22.49,19.08,18.79,25.09
30/09/2005,28.84,0,32.06,14.93,29.04,26.55,22.34,27.93,34.78,27.83,71.81,23.44,29.2,16.93,22.26,0,24.01,21.73,24.18,30.24,27.48,22.55,19.8,19.17,25.22
31/10/2005,27.48,0,28.95,13.38,28.56,26.14,21.39,25.55,37.31,25.73,72.62,22.46,28.07,16.75,20.99,0,22.98,20.67,23.22,28.4,27.72,22.22,19.3,18.59,24.35
30/11/2005,28.33,0,29.83,14.41,29.73,27.14,21.64,27.89,40.35,26.09,73.2,24.42,28.68,17.85,23.58,13.38,23.53,21.75,22.97,29.1,29.11,23.81,22.65,18.87,25.08
30/12/2005,29.23,0,30.96,14.88,30.7,27.83,21.87,29.61,42.03,27.06,75.09,26.11,30.3,18.78,24.69,14.04,24.12,23.79,23.35,30.81,29.97,25.21,22.74,19.58,25.21
27/01/2006,29.23,0,30.01,14.76,30.56,26.97,21.8,29.55,41.51,26.46,75.15,25.16,30.52,18.78,24.19,15,24.14,23.59,23.43,31.51,29.7,24.16,23.72,19.72,24.95
28/02/2006,30.23,0,31.07,17.37,30.48,30.29,22.95,31.85,38.4,28.12,76.09,25.12,29.73,19.77,25.77,18.97,25.2,25.25,25.12,32.33,30.65,24.11,29.02,20.04,25.2
31/03/2006,29.82,0,32.27,17.63,29.64,29.4,23.98,34.7,37.42,27.89,78.39,24.7,31.08,19.95,25.45,17.92,25.9,26.2,24.59,33.94,29.28,24.06,25.9,20.13,25.54
28/04/2006,30.74,0,32.76,18.33,28.87,29.27,24.81,36,36.8,28.46,77.91,25.86,33.5,19.69,27.17,20.04,27.03,26.64,24.64,32.67,30.78,25.8,25.81,20.39,25.69
30/05/2006,30.68,0,33.12,18.77,29.61,29.93,22.31,34.73,39.41,27.84,71.23,27.76,33.07,20.08,26.77,21.9,27.05,26.25,24.11,32.54,31.05,27.43,23.51,20.43,25.54
30/06/2006,29.93,0,31.42,19.78,28.5,27.01,21.78,31.07,34.51,26.65,68.67,24.8,29.23,18.49,23.87,20.45,24.78,25.02,23.48,29.27,28.95,24.64,17.93,19.85,24.68
31/07/2006,29.04,0,31.54,20.06,28.49,26.22,23.02,30.79,34.24,25.96,64.81,23.46,29.99,18.81,26.64,20.36,24.76,23.99,23.64,29.5,29.91,23.02,18.82,20.02,24.47
31/08/2006,30.09,0,31.83,21.06,29.25,26.76,22.75,33.56,32.24,27.24,66.13,22.32,30.52,18.91,23.76,20.82,24.69,24.33,24.14,29.46,30.14,23.9,19.63,19.73,24.58
29/09/2006,28.43,0,29.82,21.42,27.28,26.87,22.93,35.8,30.66,26.65,62.47,22.18,32.27,19.53,22.16,18.12,26.07,23.5,24.95,30.14,30.09,24.5,18.45,19.48,25.12
31/10/2006,29.55,0,30.53,22.73,28.5,28.22,23.95,37.02,32.45,27.18,62.73,22.41,32.99,19.47,24.1,20.16,27.57,24.74,26.54,30.76,30.64,26.13,20.79,19.99,25.99
30/11/2006,29.67,0,31.32,25.44,28.74,28.16,24.99,37.43,33.91,27.05,59.34,22.95,34.18,19.23,26.85,21.72,28.73,26.08,26.35,30.28,30.55,27.58,19.09,19.65,26.25
29/12/2006,30.68,0,31.41,29.17,29.9,29.1,26.52,37.99,33.55,27.51,60.67,22.84,35.76,20.3,27.76,22.38,30.41,27.47,26.45,32.42,31.76,27.94,19.1,20.2,26.52
31/01/2007,31.44,0,30.72,27.51,30.29,29.11,26.96,38.63,34.58,27.83,61.09,21.57,36.73,20.66,29.93,22.48,31.58,27.86,27.42,34.03,32.74,26.3,21.31,20.21,26.67
28/02/2007,31.74,0,30.72,27,28.46,29.89,26.29,35.13,32.53,27.41,61.83,21.8,33.74,20.26,27.98,22.55,31.61,28.12,26.4,32.52,31.13,26.48,22.03,19.94,25.87
30/03/2007,30.49,0,30.63,27.51,27.44,29.26,27.75,34.42,32.97,27.11,60.12,22.13,35.45,21.19,30.53,21.86,32.3,28.28,26.57,33.51,29.46,25.82,21.48,19.82,25.92
27/04/2007,30.84,0,30.76,27.37,27.43,28.97,26.97,34.47,32.4,27.52,60,22.22,35.71,20.98,29.6,21.81,32.49,28.2,26.5,32.58,29.64,25.84,20.95,19.83,25.7
30/05/2007,31.74,0,31.71,27.7,29.67,31.88,25.03,35.63,36,28.19,57.09,24.61,35.72,22.77,29.31,21.52,33.84,29.05,25.73,34.77,31.59,27.73,20.4,20.44,26.71
29/06/2007,32.45,0,33.12,36.12,30.02,32.53,26.51,37.77,39.68,26.96,61.52,26.77,37.33,22.3,30.63,22.44,34.87,27.17,26.57,33.78,30.25,29.95,20.97,20.87,26.94
31/07/2007,31.53,0,32.85,39.39,28.35,30.22,29.41,39.39,39.58,24.92,57.96,27.87,36.13,21.81,30.15,21.99,34.93,27.01,26.1,33.89,29.11,29.85,24.3,19.99,25.82
31/08/2007,32.52,0,32.26,41.88,27.89,30.09,28.24,37.9,34.46,25.14,54,25.25,35.44,20.61,28.17,20.64,31.94,26.62,25.51,32.06,28.79,29.21,23.66,19.74,25.82
28/09/2007,32.25,0,32.32,47.8,26.22,29.96,31.72,42.95,33.89,24.46,52.73,25.71,35.47,20.9,26.73,23.38,34.88,25.98,24.9,31.29,27.58,29.16,23.58,19.59,26.71
31/10/2007,33.1,0,32.87,55.27,27.29,31.04,35.97,49.53,35.94,24.6,52.56,27.38,35.7,20.78,28.77,25.23,35.59,27.9,27.17,29.24,27.75,31.74,25.64,20.38,27
30/11/2007,31.59,0,30.19,48.4,26.48,29.98,33.99,47.69,34.68,23.33,47.55,24.83,33.9,19.68,27.45,24.79,32.09,26.71,26.34,26.83,27.07,27.11,23.35,19.25,25.45
28/12/2007,31.56,0,29.91,48.43,26.38,29.66,33.88,47.46,34.79,23.08,46.2,24.68,33.92,19.87,27.4,24.69,31.9,26.52,25.84,26.46,27.02,27.06,22.55,19.2,25.25
31/01/2008,27.27,0,28.18,34.76,22.73,24.78,29.93,43.09,31.46,20.39,39.91,20.84,32.36,17.1,22.92,21.54,27.52,24.11,21.55,22.95,23.38,23.14,17.92,17.62,23.46
29/02/2008,26.72,0,29.02,38.3,21.6,25.23,29.33,42.4,31.63,20.12,39.11,20.83,30.99,17.2,23.11,23.72,27.51,26.4,21.18,23.22,22.83,25.48,19.15,17.48,22.39
31/03/2008,24.46,0,28.41,33.2,20.16,23.56,27.44,35.69,28.36,18.39,35.37,21.04,32.1,16.53,23.6,21.64,25.51,24.37,20.98,22.52,21.63,25.42,15.92,16.47,22.38
30/04/2008,25.72,0,30.06,37.52,21.38,24.82,28.87,39.35,30,20.08,39.79,22.87,31.14,17.39,22.61,22.09,26.71,25.24,21.95,23.17,22.88,26.57,17.23,17.66,23.34
30/05/2008,26.05,0,32.24,34.57,22.42,25.96,26.03,36.11,31.2,19.85,38.41,23.98,31.89,17.79,22.04,25.58,26.91,25.65,21.55,23.73,23.37,27,15.26,17.58,23.69
30/06/2008,24.26,0,31.49,32.67,19.57,22.91,23.69,28.77,32.89,17.01,36.66,20.7,27.55,15.04,18.56,22.72,24.19,23.38,18.72,19.94,21.18,22.76,13.15,16.23,21.65
31/07/2008,22.9,0,29.19,33.03,19.09,22.44,24.03,30.1,30.71,15.85,35.06,18.75,25.5,14.47,20.1,17.31,24.21,22.15,18.31,20.19,21.55,20.51,16.44,15.5,21.08
29/08/2008,23.81,0,29.23,30.21,19.48,22.14,21.84,29.97,28.72,16.18,33.34,16.3,24.85,15.03,18.61,14.7,22.04,21.56,17.88,19.93,21.65,20.73,15.39,15.94,20.96
30/09/2008,20.39,0,24.39,22.33,16.71,19.39,17.52,25.76,24.75,14.26,28.52,15.92,23.28,12.77,16.41,11.23,18.58,18.74,16.29,17.12,20.35,16.48,12.79,13.44,19.16
31/10/2008,17.94,0,19.71,17.14,14.65,16.65,14.05,19.2,21.95,11.93,22.43,12.68,18.26,10.51,12.73,7.18,13.65,16.26,13.46,13.65,18.45,14.4,10.17,11.91,15.87
28/11/2008,16.56,0,18.52,18.13,13.87,15.23,13.76,16.87,21.69,11.04,20.75,11.83,18.21,9.81,12.65,5.78,13.46,16.61,13.09,13.59,17.4,12.62,9.05,11.62,14.66
30/12/2008,16.55,0,18.47,18.15,13.95,15.08,13.58,16.78,21.9,11.01,20.37,11.8,18.15,9.9,12.69,5.78,13.48,16.56,13,13.59,17.55,12.64,8.84,11.71,14.9
30/01/2009,15.83,0,16.75,17.62,12.95,13.74,14.23,17.6,22.35,10.1,19.5,12.69,17.94,9.84,11.39,4.97,13.65,16.64,12.37,13.35,16.07,11.82,9.26,11.54,13.81
27/02/2009,15.09,0,15.77,16.99,11.41,12.38,13.44,16.32,23.17,8.93,18.51,11.26,15.79,8.59,9.81,5.07,12.24,15.39,11.1,13.77,14.36,12.73,8.76,10.72,12.43
31/03/2009,16.06,0,16.88,19.13,11.64,13.33,14.31,17.96,23.79,9,20.5,12.68,17.17,9.06,10.9,5.49,12.41,16.11,11.55,13.66,15.46,14.51,8.95,10.86,13.7
30/04/2009,17.24,0,18.46,20.88,13.28,15.69,16.87,21.13,24.72,11.07,22.69,14.71,19.44,10.13,12.76,6.49,14.2,15.9,13.49,16.3,16.72,17.07,11.09,11.95,14.99
29/05/2009,17.36,0,21.41,23.67,14.26,16.51,18.46,26.8,27.29,11.5,22.78,15.38,21.49,10.85,12.21,8.31,17.55,17.27,14.13,16.71,17.47,21.92,11.96,12.61,15.93
30/06/2009,18.22,0,21.4,26.57,13.65,16.06,18.65,25.65,27.57,10.95,25.77,15.51,20.82,10.97,12.52,6.97,17.12,16.76,14.81,17.42,17.58,19.14,12.62,12.12,15.99
31/07/2009,19.69,0,22.16,29.12,14.76,17.39,21.98,27.66,28.99,11.42,25.94,17.29,22.99,12.32,14.64,7.09,19.7,17.96,16.43,19.77,19.29,20.84,14.96,13.11,17.13
28/08/2009,19.49,0,22.01,28.92,14.78,17.26,21.39,26.53,26.96,11.53,25.65,16.94,22.97,11.99,14.23,6.94,19.04,17.65,16.35,19.28,19.1,20.75,15.1,12.85,16.96
30/09/2009,21.35,0,22.84,26.58,16.14,18.45,21.29,28.65,25.83,13.25,25.45,18.13,24.62,13.67,14.16,7.93,19.62,18.09,17.2,19.67,20.57,22.41,15.25,14.33,18.44
30/10/2009,20.68,0,21.17,28.17,15.81,17.68,21.92,26.64,26.6,12.36,25.12,17.21,24,13.16,15.4,7.93,19.45,18.46,16.89,20.36,20.28,22.84,15.03,14.01,18.1
30/11/2009,20.85,0,22.57,29.18,16.13,18.4,20.9,27.88,28.7,12.26,23.11,16.86,25.64,12.95,16.53,8.08,20.33,18.54,17.12,20.43,20.23,23.03,13.98,14.19,18.95
30/12/2009,20.83,0,22.32,29.2,16.12,18.22,21.01,27.31,28.75,12.16,22.52,16.74,25.7,13.07,16.55,8.11,20.35,18.51,16.86,20.28,20.23,22.98,13.58,14.15,18.85
29/01/2010,20.45,0,20.69,27.5,16.52,18.13,20.01,26.33,29.52,12.28,24.64,16.96,24.79,14.14,16.88,8.91,20.48,18.47,15.71,20.75,20.88,22.35,16.43,14.04,18.39
26/02/2010,20.9,0,21.76,28.04,15.86,18.31,20.72,26.01,29.14,11.93,22.96,16.48,24.55,13.86,16.35,8.6,20.24,18.86,14.78,20.77,20.42,21.52,15.14,14.45,18.88
31/03/2010,21.51,0,22.25,29.29,16.77,19.76,23.15,27.61,30.8,12.78,26.89,17.52,26.35,15.38,18.18,8.83,20.32,19.11,15.55,21.92,21.81,22.34,16.14,15.33,19.81
30/04/2010,21.18,0,22.84,28.25,16.13,19.81,22.57,27.74,28.76,12.37,27.43,18.08,25.57,15.3,18.32,8.61,20.63,19.57,15,22.87,21.15,22.87,17.29,15,20.09
27/05/2010,21.26,0,23.72,27.36,16.42,20.11,22.58,27.79,30.55,12.04,26.63,18.49,25.67,15.63,17.77,8.89,20.57,19.34,14.89,23.2,21.59,25.98,16.65,15.03,20.34
30/06/2010,19.2,0,21.55,25.94,15.22,18.96,21.47,26.67,27.06,10.94,22.93,17.24,23.56,14.64,15.26,7.71,19.16,18.08,13.36,21.94,20.07,21.34,15.75,13.22,17.55
30/07/2010,20.24,0,22.36,26.74,15.93,19.11,23.47,26.84,25.69,11.87,22.74,17.29,24.35,15.4,16.41,8.09,20.26,19.44,15.07,23.39,20.52,22.97,17.74,14.16,18.86
31/08/2010,19.66,0,22.51,25.8,15.08,18.03,23.89,26.36,25.44,11.32,20.57,17.02,24.62,14.2,15.75,7.74,19.34,18.89,14.53,21.55,19.76,22.58,17.78,14.07,17.66
30/09/2010,19.74,0,23.23,26.08,15.93,18.91,26.46,29.06,26.05,11.64,22.04,17.72,25.54,15.19,16.63,8.13,20.73,19.92,14.52,23.41,20.23,23.34,17.93,14.84,19.44
29/10/2010,19.91,0,23.13,26.94,16.91,19.89,27.16,29.1,26.25,12.08,21.68,17.68,27.09,15.14,17.43,8.37,21.22,20.14,14.88,23.15,20.73,24.42,18.57,15.15,20.22
30/11/2010,19.27,0,23.55,26.33,16.1,20.25,26.93,27.46,26.21,10.8,22.05,18,27.4,14.11,17.62,8.54,21.39,19.92,12.38,23.43,20.26,24.15,17.25,14.49,19.84
30/12/2010,19.26,0,23.53,26.32,16.13,20.24,26.92,27.3,26.19,10.77,21.78,18.02,27.39,14.2,17.6,8.59,21.35,19.86,12.21,23.11,20.23,23.93,17.39,14.41,19.77
31/01/2011,20.19,0,23.76,25.95,17.79,21.26,27.61,24.96,26.71,12.43,23.12,19.48,27.29,15.62,18.24,9.43,21.57,19.92,14.34,24.11,20.75,25.69,16.42,15.2,21.34
28/02/2011,20.63,0,24.99,25.4,17.69,22.09,26.46,23.65,24.16,12.78,22.72,17.94,26.63,16.34,18.58,9.97,19.75,20.55,14.29,23.65,20.21,24.09,16.12,15.55,21.87
31/03/2011,20.14,0,24.52,26.6,16.86,20.8,25.52,25.75,23.43,12.31,21.88,19.3,27.11,16.5,19.49,9.93,19.89,20.16,13.77,23.35,20.12,23.88,15.88,15.04,21.36
28/04/2011,20.14,0,24.59,25.86,16.73,20.86,25.31,25.7,23.4,12.56,22.19,19.21,26.61,16.17,19.02,9.8,19.48,20.26,13.72,22.89,19.91,24.11,16.16,15.05,21.23
31/05/2011,19.73,16.08,24.36,25.38,17.44,21.87,25.57,24.45,24.1,12.26,21.22,19.54,25.24,16.01,18.89,9.32,19.79,20.36,13.76,23.4,21.35,27.73,15.34,15.38,21.41
30/06/2011,19.47,15.61,23.09,24.07,17.26,21.57,24.02,23.56,22.13,11.66,22.59,18.69,24.94,15.22,17.31,9.14,18.73,19.88,13.52,22.48,20.19,24.02,15.18,15.09,20.76
29/07/2011,18.66,14.95,22.43,23.66,15.75,20.54,25.3,22.76,21.28,10.62,21.89,18.11,24.62,14.79,16.53,8.93,19.2,19.52,12.48,21.52,18.96,23.94,15.37,14.81,20.29
31/08/2011,18.05,13.85,21.66,21.3,13.76,16.46,22.66,20.42,18.73,9.14,19.16,15.63,25.21,13.15,14.49,7.95,16.77,19.81,11.41,18.22,17.76,21.82,13.36,13.5,18.77
30/09/2011,16.07,12.99,19.69,16.36,12.48,15.49,18.29,20.04,16.74,8.62,19.59,14.69,23.48,12.99,12.65,6.74,15.77,18.84,10.94,17.15,17.79,20.09,13.85,12.68,17.53
31/10/2011,17.15,14.08,20.18,18.71,13.85,17.05,20.21,21.41,18.17,9.34,19.75,15.83,25.41,14.05,13.95,7.52,16.84,20.01,11.4,18.56,18.45,21.53,12.78,13.64,19.4
30/11/2011,16.2,13.89,19.81,17.11,13.46,16.65,18.4,19.04,17.17,8.89,18.24,15.11,25.37,13.32,13.63,7.58,15.94,20.66,10.63,18.08,18.11,19.29,12.16,13.38,18.89
30/12/2011,15.93,14.11,19.36,17.58,13.51,16.21,18.72,18.13,17.41,8.87,18.09,15.14,25.5,13.93,12.81,7.06,15.64,20.06,10.96,18.2,18.95,19.56,11.38,13.5,19.02
31/01/2012,16.97,14.93,19.76,19.14,14.14,17.68,20.42,20.41,18.11,9.39,18.51,16.05,25.34,14.3,13.81,7.73,17.18,20.6,10.9,18.99,19.14,20.19,12.71,13.71,19.8
29/02/2012,17.16,15.45,20.26,20.35,14.35,18.92,21.96,21.02,17.14,9.73,19.78,16.53,24.98,14.42,13.94,8.52,17.48,21.13,10.94,20.58,18.86,21.55,13.3,14.3,20.45
30/03/2012,16.95,14.99,19.74,18.9,14.19,18.92,20.56,20.17,17.15,9.44,21.54,16.55,26.27,14.96,13.62,7.78,17.12,19.67,10.34,19.84,19.82,21.32,12.91,13.68,20.64
27/04/2012,17.13,15.07,19.82,18.46,14.08,18.96,20.45,19.96,17.09,9.63,21.8,16.53,25.84,14.63,13.41,7.68,16.65,19.76,10.3,19.55,19.42,21.35,13.11,13.73,20.58
31/05/2012,16.2,13.09,18.42,16.47,12.57,16.78,18.29,18.19,16.01,7.71,17.47,15.17,24.94,13.38,11.86,6.83,15.26,19.66,8,17.6,18.61,21.2,11.11,12.75,19
29/06/2012,16.39,13.04,18.35,16.54,13.32,16.74,18.89,18.48,15.25,8.5,18.21,14.99,25.66,13.9,12.44,7.12,15.54,19.85,9.39,18.16,19.18,19.39,12.77,13.29,19.59
31/07/2012,17.33,13.43,18.45,16.62,13.53,17.51,20.15,18.37,15.98,8.23,17.13,14.91,25.7,14.94,11.83,6.98,16.39,20.5,8.87,19.28,20.26,19.29,13.36,13.52,19.81
31/08/2012,17.61,13.18,18.77,16.01,13.92,17.59,20.28,18.29,15.11,9.09,16.6,14.91,25.46,14.91,12.18,6.94,15.98,20.67,9.91,18.2,19.86,19.64,14.05,13.56,19.89
28/09/2012,17.08,13.29,19.18,15.96,13.64,18.11,20.77,19.55,15.4,9.01,17.32,15.41,25.94,15.05,12.53,7.02,16.34,20.65,10.07,18.7,20.22,20.16,12.98,13.51,20.42
31/10/2012,17.43,13.1,19.3,16.79,13.94,18.08,20.76,19.21,15.28,9.18,17.48,14.52,26.18,15.37,12.26,6.67,15.96,20.92,10.18,18.3,20.52,19.01,14.23,13.6,19.95
30/11/2012,17.22,13.21,18.87,17,14.42,18.05,21.1,19.88,14.92,9.13,18.29,14.65,25.62,15.43,12.48,6.57,16.3,21.18,10.09,18.65,21.07,19.93,13.92,13.55,19.74
28/12/2012,17.16,13.21,18.89,17.05,14.47,18.13,21.09,19.82,14.96,9.2,18.11,14.86,25.66,15.55,12.51,6.59,16.3,21.1,10.28,18.73,21.12,19.81,13.99,13.53,19.76
31/01/2013,18.86,13.53,19.23,18.84,15.19,18.91,22.46,20.09,13.41,10,21.64,14.7,27.69,16.62,12.95,7.17,16.98,21.66,10.9,20,22.85,19.83,14.81,14.42,20.87
28/02/2013,19.88,13.05,19.63,18.06,14.99,18.52,22.25,18.82,13.66,9.08,21.07,15.28,26.39,15.98,13.03,6.96,16.77,21.41,10.78,20.33,22.5,20.09,14.54,14.65,20.96
28/03/2013,19.41,12.7,19.32,18.01,14.73,18.43,21.66,18.33,13.63,8.91,22.18,15.19,26.41,16.33,12.79,6.71,16.25,20.12,10.74,19.86,23,19.95,14.05,14.24,20.47
30/04/2013,20.16,13,18.74,16.97,15.14,18.67,21.69,18.86,13.69,9.76,26.97,14.38,24.92,16.53,12.37,6.32,16.77,19.96,11.6,20.15,23.74,20.57,15.56,14.59,21.8
31/05/2013,19.06,12.73,19.52,16.32,15.61,19.17,20.93,19.11,14.03,9.96,25.74,14.74,24.44,17.11,13.16,6.39,16.47,21.08,11.49,20.07,23.98,22.51,15.44,15.01,22.18
28/06/2013,18.64,11.41,18.46,14.9,14.74,18.01,19.59,17.88,13.42,8.85,25.09,13.76,23.33,16.44,11.9,6.14,15.48,20.55,10.53,19.08,23.15,20.43,13.68,14.09,21.71
31/07/2013,19.81,11.59,18.94,15.37,15.51,18.66,20.96,17.66,13.04,9.46,24.46,13.67,23.34,17.84,12.06,6.2,16.03,21,11.46,20.84,23.57,20.14,13.1,15.07,22.77
30/08/2013,20.25,11.76,19.14,15.67,15.2,17.94,20.08,16.95,12.46,9.73,22.78,13.94,23.31,17.39,12.28,6.14,14.83,20.99,11.36,19.9,22.71,19.9,11.82,14.52,21.73
30/09/2013,19.62,12.21,19.27,15.5,16.02,18.92,20.64,17.28,12.73,10.24,25.22,14.11,23.39,18.19,12.34,6.52,15.68,21.7,12.32,20.75,23.53,20.12,12.71,14.56,22.54
31/10/2013,20.35,12.9,20.1,15.82,16.6,19.73,20.72,18.66,12.66,11.39,25.18,14.48,23.96,18.87,13.13,6.63,16.07,22.49,13.41,20.86,24.13,20.71,13.13,15.16,23.56
29/11/2013,19.79,12.77,20.25,16.52,16.7,20.3,20.64,18.1,13.17,11.06,25.97,14.49,24.3,18.62,13.24,6.51,16.01,22.04,13.1,20.99,24.37,20.44,12.6,14.84,23.91
30/12/2013,19.73,12.78,20.22,16.57,16.74,20.38,20.62,17.91,13.19,11.18,25.67,14.64,24.28,18.77,13.3,6.51,15.93,22.01,13.3,21.04,24.35,20.32,12.7,14.81,23.85
30/01/2014,19.76,12.04,20.16,16.08,16.77,20.69,20.63,18.4,12.87,11.31,26.45,13.95,24.45,19.11,12.58,6.51,15.87,22.58,13.34,21.26,24.22,20.48,11.28,14.95,24.32
28/02/2014,20,11.04,21.21,15.41,17.22,20.64,20.29,18.38,14.51,12.18,23.01,13.76,21.72,18.96,13.46,6.29,15.24,22.73,13.71,21.83,24.27,20.4,10.25,15.08,24.43
31/03/2014,19.61,11.64,21.35,15.12,17.08,20.4,19.46,18.86,15.47,12.74,23.92,13.7,22.69,19.57,13.06,5.84,15.19,22.15,13.89,21.57,24.82,21.12,11.33,14.33,24.06
30/04/2014,20.16,11.98,21.82,14.43,17.43,20.43,19.81,18.76,15.37,13.18,23.27,13.45,22.42,18.7,13.38,5.43,15.45,22.27,14.88,21.62,24.6,20.87,12.13,15,24.23
30/05/2014,20.16,11.62,21.98,14.67,17.64,20.67,20.39,20.03,15.71,13.04,23.2,13.69,22.68,18.98,13.25,6.01,15.61,22.7,15.52,21.8,25.27,23.15,12.9,15.21,24.62
30/06/2014,19.66,11.93,22.38,14.88,17.3,20.32,20.35,20.22,15.57,13.09,24.61,13.75,23.23,19.21,13.08,6.17,15.46,23.54,15.6,21.47,25.01,23.04,12.81,14.93,25
31/07/2014,20.73,12.44,22.72,15.99,16.52,19.34,22.15,20.77,15.56,12.57,24.8,14.02,23.89,18.83,12.28,5.7,16.11,24.04,15.27,21.71,24.64,22.76,13.39,14.93,24.6
29/08/2014,20.79,13.61,22.9,15.94,16.83,19.19,21.33,21.04,15.66,12.66,23.45,13.66,25.07,19.13,12.73,5.71,15.77,23.91,15.48,21.34,24.78,23.38,12.85,15.11,25.21
30/09/2014,18.92,11.87,21.9,14.17,16.98,19.15,19.15,20.82,16.68,13,25.29,12.96,24.33,20.12,13.36,5.59,15.62,22.41,15.32,21.48,25.12,22.16,11.42,14.62,24.98
31/10/2014,19.87,11.9,21.35,14.7,16.39,18.75,19.73,21.7,16.88,12.31,25.5,12.68,24.22,19.73,13.19,5.73,15.54,23.3,14.8,21.65,25.09,22.81,12.3,14.44,25.62
28/11/2014,18.81,12.18,21.59,14.91,17.07,19.76,19.93,22.26,17.34,12.24,26.42,12.87,23.74,20.46,12.8,5.8,16.1,23.36,15.04,22.02,26.03,23.49,13.03,14.67,25.94
30/12/2014,18.76,12.19,21.62,14.94,17.13,19.84,19.93,22.32,17.34,12.36,26.26,13.03,23.75,20.61,12.86,5.76,16.11,23.34,15.31,22.09,26.02,23.4,13.09,14.69,25.94
30/01/2015,19.75,10.36,21.15,15.61,18.14,21.42,20.12,22.44,17.05,12.93,26.11,12.71,22.15,22.39,12.76,5.62,16.23,24.52,14.62,23.8,24.03,22.96,13.32,14.69,25.11
27/02/2015,21.01,11.26,22.37,16.12,19.54,22.56,20.08,22.64,17.28,14.24,26.47,12.78,23.59,23.95,13.14,6.18,16.23,24.93,15.88,25.62,25.06,23.97,12.45,15.23,26.59
31/03/2015,20.85,10.93,21.91,16.49,20.18,24.03,19.63,21.68,19.18,14.37,28.26,13.1,23.62,25.22,13.18,5.49,16.13,23.78,15.99,25.04,26.18,23.44,11.63,14.78,25.74
30/04/2015,20.69,11.93,22.3,18.89,20.27,22.87,21.35,20.53,18.85,14.54,29.39,13.51,23.58,24.16,14.26,5.77,16.36,24.86,16.52,24.5,25.76,23.53,12.22,15.48,25.98
29/05/2015,20.52,11.17,22.49,17.76,20.12,22.27,20.63,21.27,18.97,14.93,30.29,13.12,23.96,24.68,13.67,5.63,15.68,23.09,16.35,24.34,26.34,25.33,11.96,15.57,26.26
30/06/2015,19.32,11.13,21.37,16.56,19.2,21.16,20.11,20.63,18.02,14.45,29.94,12.7,23.92,24,13.02,5.7,15.44,23.78,15.48,22.51,25.17,22.78,11.9,14.55,25.58
31/07/2015,20.33,10.74,21.27,14.71,20.19,21.79,20.24,21.27,20.22,15.05,30.16,12.04,23.67,25.41,12.23,5.66,14.91,23.35,15.96,23.86,26.99,21.22,11.6,14.94,26.05
28/08/2015,20.3,10.67,21.01,14.64,20.03,21.48,19.83,21.32,20.05,15.28,29,11.98,23.96,24.93,12.15,5.62,14.77,22.99,16.14,23.28,26.46,21.06,11.58,14.83,25.69
30/09/2015,17.6,9.27,19.27,12.1,18.09,18.56,16.32,19.73,17.7,14.04,25.04,11.58,22.58,22.14,11.26,5.33,13.1,21.35,13.56,20.72,23.99,19.45,10.35,13.58,23.69
30/10/2015,18.38,9.39,19.52,13.16,19.83,20.57,17.36,19.99,18.64,14.82,27.83,12.38,23.58,24.08,11.38,5.43,14.1,22.79,14.7,21.91,25.23,20.18,11.11,14.32,25.7
30/11/2015,17.91,9.48,19.74,12.75,20.15,21.36,16.86,19.32,18.12,14.92,27.5,12.16,22.96,24.16,10.55,5.7,13.58,22.16,14.52,22.27,25.48,19.59,10.32,14.19,25.46
30/12/2015,17.87,9.44,19.71,12.78,20.22,21.43,16.87,19.35,18.15,15.07,27.51,12.3,23.01,24.34,10.58,5.68,13.59,22.12,14.72,22.35,25.48,19.5,10.35,14.16,25.41
29/01/2016,17.24,8.39,18.37,11.4,18.19,18.58,15.48,18.62,17.52,12.88,24.8,11.52,23.04,22.72,10.05,5.5,12.53,20.77,12.51,20.12,23.86,18.58,10.01,13.46,23.58
29/02/2016,16.8,8.74,18.49,11.1,17.95,17.81,15.45,17.28,16.76,12.25,21.29,11.62,22.93,22.2,10.43,5.72,12.8,20.6,12.45,20.32,22.09,19.36,10.24,13.59,23.48
31/03/2016,17.86,10.22,19.55,12.37,18.77,19.13,16.85,18.73,16.51,12.31,23.14,12.27,24.39,23.45,11.39,5.96,13.58,21.41,12.79,20.33,22.97,19.94,10.97,13.98,24.86
28/04/2016,18.11,10.27,19.45,12.17,18.73,19.03,16.81,18.77,16.9,12.64,23.32,12.31,23.99,22.62,11.74,5.93,13.36,21.68,13.35,20.04,22.49,19.67,11.13,14.12,24.9
31/05/2016,19,9.88,20.66,11.8,19.2,19.26,16.68,19.49,16.91,13.15,23.65,12.05,23.79,23.17,10.56,5.99,12.99,21.87,14.07,20.28,24.25,20.63,10.37,14.53,25.38
30/06/2016,18.44,10.33,20.3,11.89,18.06,18.13,16.97,19.09,16.43,12.22,21.77,12.12,23.99,22.09,10.26,5.84,13.42,22.11,12.56,19.95,23.8,20.35,10.45,15.21,25.29
29/07/2016,19.64,11.58,21.06,12.27,18.83,19.34,18.15,20.13,17.13,12.62,23.24,12.36,24.17,23.16,10.28,6.02,13.3,22.84,13.13,21,24.19,21.16,10.19,15.71,26.29
31/08/2016,19.32,11.58,21.17,13.11,18.52,19.6,17.96,20.34,16.24,12.98,23.06,12.65,25.01,23.67,10.51,6.13,13.13,22.13,13.57,21.34,24.13,21.3,10.05,15.79,26.05
30/09/2016,19.25,11.49,21.72,12.95,19.22,19.68,17.84,20.01,15.81,12.68,23.29,12.6,24.6,24.53,10.12,6.11,13.5,21.72,13.53,21.91,24.31,21.7,9.74,16.31,26.28
31/10/2016,18.93,12.78,21.83,12.68,19.57,19.72,17.57,20.13,14.92,13.24,24.54,12.5,25.03,24.38,10.84,6.14,13.2,20.98,14.29,21.83,23.43,22.09,9.99,16.61,25.74
30/11/2016,19.24,12.5,22.73,12.59,19.9,19.39,17.54,19.13,13.94,13.15,25.19,12.46,23.59,23.81,10.49,6.67,14.07,19.99,13.18,22.12,23.5,21.43,9.32,16.06,26.33
30/12/2016,20.09,12.07,23,12.07,21.11,20.44,16.44,19.08,13.94,14.9,26,13.1,23.72,24.76,11.38,7.15,13.8,20.53,14.54,22.09,24.48,21.21,9.82,16.86,26.75
31/01/2017,19.96,12.8,22.58,13.45,20.66,20.62,17.73,19.75,14.04,14.66,26.17,13.18,24.63,24.85,12.26,7.01,14.51,20.59,14.48,22.8,24.87,21.4,10.63,16.57,27.08
28/02/2017,20.29,13.22,22.63,13.91,20.98,20.85,18.07,20.51,14.29,14.8,24.79,13.16,24,26.04,13.17,6.58,14.77,20.3,14.65,23.41,24.64,21.93,10.58,17.07,27.98
31/03/2017,21.31,12.82,22.9,14.25,22.55,22.92,18.65,20.96,14.76,15.16,25.7,13.67,25.12,27.95,12.53,6.5,15.11,19.9,15.91,23.99,26.58,21.79,10.65,17.28,27.74
28/04/2017,21.75,13,22.99,14.39,23.3,23.02,18.92,21.18,15.13,16.79,26.11,14.18,25,27.61,14.09,6.52,14.9,21.23,17.16,24.61,26.87,21.7,11.62,17.25,28.16
31/05/2017,20.63,12.49,22.96,14.92,23.22,22.85,19.17,21.68,14.94,17.86,26.01,14.86,24.58,27.58,13.46,6.16,15.15,21.4,17.38,24.09,27.81,23.57,11.57,18.22,28.36
30/06/2017,20.56,12.44,22.42,15.14,22.61,22.38,19.5,20.86,15.72,18.16,27.21,15.26,24.64,26.98,13.48,5.97,15.29,20.65,16.85,23.59,27.69,23.72,12.01,17.76,28.47
31/07/2017,20.76,13.18,22.47,16.42,22.4,22.05,20.24,22.55,15.69,18.52,27.25,15.28,25.22,28.12,13.91,6.24,15.85,22.24,16.95,22.98,28.18,23.77,12.7,17.91,29.15
31/08/2017,20.84,14.13,22.18,17.07,22,21.39,20.09,22.21,13.17,19.09,26.27,14.86,25.54,27.48,16.67,6.59,15.68,22.51,16.73,22.79,27.37,24,12.84,17.99,28.82
30/09/2017,20.4,14.67,23.14,16.7,23.7,23.01,19.23,21.65,14,20.06,27.74,15.26,24.81,29.35,14.35,6.78,15.69,21.82,16.97,24.23,28.85,23.37,11.6,17.9,29.65
31/10/2017,21.16,14.7,23.6,17.31,24.35,23.54,19.32,23.22,13.48,20.19,29.32,16.14,24.15,30.05,14.85,6.77,16.5,23.18,17.15,24.59,29.13,24.78,12.35,18.37,30.2
30/11/2017,21.1,14.56,23.96,17.67,23.87,23.12,20.17,22.95,13,19.83,28.86,15.66,23.04,28.76,13.97,7.18,17.11,24.32,16.38,23.37,29.24,23.54,11.58,17.78,30.7
29/12/2017,21.44,15.31,23.91,24.56,23.6,22.68,20.79,23.66,13.88,19.26,29.18,15.89,24,28.8,14.23,7.23,16.88,24,16.3,22.6,29.41,23.29,12.57,18.63,30.9
31/01/2018,21.29,17.04,23.09,20.55,24.26,23.36,21.7,24.14,14.4,21.29,29.63,16.03,24.81,30.35,15.16,7.96,17.52,23.43,17.15,23.52,29.34,24.17,12.94,18.05,32.36
28/02/2018,21.11,17.14,22.44,19.23,23.37,21.83,21.02,23.04,13.87,20.35,26.65,15.24,23.29,29.22,14.15,8.22,17.35,23.24,15.87,23.23,26.75,23.52,12.78,17.43,30.92
31/03/2018,20.44,17.22,22.48,18.64,23.05,21.99,19.91,22.2,13.52,19.07,26.95,15.1,23.36,29.83,12.78,8.03,17.27,20.83,14.94,22.92,27,23.23,12.12,16.84,29.61
30/04/2018,21.38,17.47,22.59,18.33,24.46,22.62,20.45,23.66,13.99,21.41,28.09,15.67,24.1,29.64,13.62,7.97,18.31,21.99,16.39,23.35,27.33,22.19,11.11,18.21,29.75
31/05/2018,21.2,15.56,23.57,18.43,23.81,22.2,20.26,23.22,14.87,20.52,26.96,14.76,22.39,28.72,12.75,8.09,17.19,20.87,15.41,22.41,26.4,23.89,10.44,18.84,30.04
30/06/2018,21.92,14.54,23.63,17.32,23.45,21.59,19.42,22.84,14.99,20.5,27.12,14.17,23.64,28.85,12.66,7.93,16.14,21.79,15.64,22.41,27.02,22.95,9.87,18.8,29.99
31/07/2018,22.36,15.86,23.98,16.88,24.24,22.46,19.69,24.68,15.68,20.55,27.47,13.9,24.25,30.13,13.63,8.18,16.32,21.8,16.06,23.4,28.77,23.87,9.5,19.04,31.05
31/08/2018,22.55,15.38,23.21,16.18,23.3,21.37,18.82,26.06,15.67,19.02,26.24,13.91,24,29.3,13.76,8.13,16,21.64,15.37,23.69,27.68,23.88,8.94,18.32,31.39
28/09/2018,21.62,15.83,23.23,15.47,24.19,21.27,18.16,24.22,15.89,19.6,27.72,13.79,23.55,28.91,13.63,8.53,16.54,20.67,15.4,23.76,27.28,23.83,9.49,18.45,31.7
31/10/2018,20.48,17.34,21.79,13.86,22.42,19.78,16.21,23.11,15,18.35,25.21,12.04,20.97,27.31,12.86,8.13,15.29,19.16,14.66,21.85,26.98,21.41,8.25,17.82,29.4
30/11/2018,19.82,17.99,22.44,14.7,22.07,19.21,17.55,24.19,15.65,18.32,24.64,12.19,20.02,27.86,13.35,8.25,15.61,19.53,15.61,20.74,26.79,20.97,8.61,17.33,29.27
31/12/2018,19.77,17.74,20.83,13.91,20.89,17.72,17.63,23.06,13.56,19.36,22.26,11.59,19.57,25.99,13.58,8.03,15.21,19.76,14.34,19.72,24.97,20.17,8.32,16.69,26.64
31/01/2019,20.44,19.69,22.46,15.68,22.03,18.76,19.03,22.99,14.94,19.8,23.44,12.79,20.77,27.67,14.17,8.73,15.8,20.63,15.2,21.55,26.83,20.56,9.54,17.26,28.74
28/02/2019,21.25,19.41,23.13,16.17,22.84,18.91,20,22.92,14.68,20.38,22.47,12.75,20.22,28.79,14.07,8.76,15.86,20.74,15.4,22.01,26.82,21.39,9.46,17.56,29.22
